{"Title":"Viset.Benchmarks.WebPEncodingBenchmarks-20260718-124245","HostEnvironmentInfo":{"BenchmarkDotNetCaption":"BenchmarkDotNet","BenchmarkDotNetVersion":"0.15.8","OsVersion":"Linux NixOS 26.11 (<host>)","ProcessorName":"AMD Ryzen 7 5700X3D","PhysicalProcessorCount":1,"PhysicalCoreCount":8,"LogicalCoreCount":16,"RuntimeVersion":".NET 10.0.9 (10.0.9, 10.0.926.27113)","Architecture":"X64","HasAttachedDebugger":false,"HasRyuJit":true,"Configuration":"DEBUG","DotNetCliVersion":"10.0.301","ChronometerFrequency":{"Hertz":1000000000},"HardwareTimerKind":"Unknown"},"Benchmarks":[{"DisplayInfo":"WebPEncodingBenchmarks.EncodeTwelvePngFramesWithLibWebPFull: CoreCLR(Runtime=.NET 10.0, IterationCount=3, LaunchCount=1, WarmupCount=3)","Namespace":"Viset.Benchmarks","Type":"WebPEncodingBenchmarks","Method":"EncodeTwelvePngFramesWithLibWebPFull","MethodTitle":"EncodeTwelvePngFramesWithLibWebPFull","Parameters":"","FullName":"Viset.Benchmarks.WebPEncodingBenchmarks.EncodeTwelvePngFramesWithLibWebPFull","HardwareIntrinsics":"AVX2+BMI1+BMI2+F16C+FMA+LZCNT+MOVBE,AVX,SSE3+SSSE3+SSE4.1+SSE4.2+POPCNT,X86Base+SSE+SSE2,AES+PCLMUL VectorSize=256","Statistics":{"OriginalValues":[12740236.611111112,12569471.916666666,12868001.027777778],"N":3,"Min":12569471.916666666,"LowerFence":12430957.430555554,"Q1":12654854.263888888,"Median":12740236.611111112,"Mean":12725903.185185185,"Q3":12804118.819444444,"UpperFence":13028015.652777778,"Max":12868001.027777778,"InterquartileRange":149264.55555555597,"LowerOutliers":[],"UpperOutliers":[],"AllOutliers":[],"StandardError":86475.41629326063,"Variance":22433992869.278175,"StandardDeviation":149779.81462559692,"Skewness":-0.09482027083670437,"Kurtosis":0.666666666666665,"ConfidenceInterval":{"N":3,"Mean":12725903.185185185,"StandardError":86475.41629326063,"Level":12,"Margin":2732541.3879136476,"Lower":9993361.797271537,"Upper":15458444.573098833},"Percentiles":{"P0":12569471.916666666,"P25":12654854.263888888,"P50":12740236.611111112,"P67":12783676.51277778,"P80":12816895.26111111,"P85":12829671.702777777,"P90":12842448.144444443,"P95":12855224.586111112,"P100":12868001.027777778}},"Memory":{"Gen0Collections":4,"Gen1Collections":4,"Gen2Collections":4,"TotalOperations":36,"BytesAllocatedPerOperation":5884180},"Measurements":[{"IterationMode":"Overhead","IterationStage":"Jitting","LaunchIndex":1,"IterationIndex":1,"Operations":12,"Nanoseconds":207891},{"IterationMode":"Workload","IterationStage":"Jitting","LaunchIndex":1,"IterationIndex":1,"Operations":12,"Nanoseconds":238698144},{"IterationMode":"Workload","IterationStage":"Pilot","LaunchIndex":1,"IterationIndex":1,"Operations":24,"Nanoseconds":358065085},{"IterationMode":"Workload","IterationStage":"Pilot","LaunchIndex":1,"IterationIndex":2,"Operations":36,"Nanoseconds":542538002},{"IterationMode":"Workload","IterationStage":"Warmup","LaunchIndex":1,"IterationIndex":1,"Operations":36,"Nanoseconds":460809161},{"IterationMode":"Workload","IterationStage":"Warmup","LaunchIndex":1,"IterationIndex":2,"Operations":36,"Nanoseconds":467863024},{"IterationMode":"Workload","IterationStage":"Warmup","LaunchIndex":1,"IterationIndex":3,"Operations":36,"Nanoseconds":498639973},{"IterationMode":"Workload","IterationStage":"Actual","LaunchIndex":1,"IterationIndex":1,"Operations":36,"Nanoseconds":458648518},{"IterationMode":"Workload","IterationStage":"Actual","LaunchIndex":1,"IterationIndex":2,"Operations":36,"Nanoseconds":452500989},{"IterationMode":"Workload","IterationStage":"Actual","LaunchIndex":1,"IterationIndex":3,"Operations":36,"Nanoseconds":463248037},{"IterationMode":"Workload","IterationStage":"Result","LaunchIndex":1,"IterationIndex":1,"Operations":36,"Nanoseconds":458648518},{"IterationMode":"Workload","IterationStage":"Result","LaunchIndex":1,"IterationIndex":2,"Operations":36,"Nanoseconds":452500989},{"IterationMode":"Workload","IterationStage":"Result","LaunchIndex":1,"IterationIndex":3,"Operations":36,"Nanoseconds":463248037}],"Metrics":[{"Value":111.1111111111111,"Descriptor":{"Id":"Gen0Collects","DisplayName":"Gen0","Legend":"GC Generation 0 collects per 1000 operations","NumberFormat":"#0.0000","UnitType":0,"Unit":"Count","TheGreaterTheBetter":false,"PriorityInCategory":0}},{"Value":111.1111111111111,"Descriptor":{"Id":"Gen1Collects","DisplayName":"Gen1","Legend":"GC Generation 1 collects per 1000 operations","NumberFormat":"#0.0000","UnitType":0,"Unit":"Count","TheGreaterTheBetter":false,"PriorityInCategory":1}},{"Value":111.1111111111111,"Descriptor":{"Id":"Gen2Collects","DisplayName":"Gen2","Legend":"GC Generation 2 collects per 1000 operations","NumberFormat":"#0.0000","UnitType":0,"Unit":"Count","TheGreaterTheBetter":false,"PriorityInCategory":2}},{"Value":5884180,"Descriptor":{"Id":"Allocated Memory","DisplayName":"Allocated","Legend":"Allocated memory per single operation (managed only, inclusive, 1KB = 1024B)","NumberFormat":"0.##","UnitType":2,"Unit":"B","TheGreaterTheBetter":false,"PriorityInCategory":3}}]},{"DisplayInfo":"WebPEncodingBenchmarks.EncodeTwelvePngFramesWithLibWebPAnim: CoreCLR(Runtime=.NET 10.0, IterationCount=3, LaunchCount=1, WarmupCount=3)","Namespace":"Viset.Benchmarks","Type":"WebPEncodingBenchmarks","Method":"EncodeTwelvePngFramesWithLibWebPAnim","MethodTitle":"EncodeTwelvePngFramesWithLibWebPAnim","Parameters":"","FullName":"Viset.Benchmarks.WebPEncodingBenchmarks.EncodeTwelvePngFramesWithLibWebPAnim","HardwareIntrinsics":"AVX2+BMI1+BMI2+F16C+FMA+LZCNT+MOVBE,AVX,SSE3+SSSE3+SSE4.1+SSE4.2+POPCNT,X86Base+SSE+SSE2,AES+PCLMUL VectorSize=256","Statistics":{"OriginalValues":[29755071.5,29931907.333333332,29606150.583333332],"N":3,"Min":29606150.583333332,"LowerFence":29436293.479166664,"Q1":29680611.041666664,"Median":29755071.5,"Mean":29764376.47222222,"Q3":29843489.416666664,"UpperFence":30087806.979166664,"Max":29931907.333333332,"InterquartileRange":162878.375,"LowerOutliers":[],"UpperOutliers":[],"AllOutliers":[],"StandardError":94152.89325291224,"Variance":26594301923.68286,"StandardDeviation":163077.59479365294,"Skewness":0.05687279256284335,"Kurtosis":0.6666666666666683,"ConfidenceInterval":{"N":3,"Mean":29764376.47222222,"StandardError":94152.89325291224,"Level":12,"Margin":2975142.4003893337,"Lower":26789234.071832888,"Upper":32739518.872611552},"Percentiles":{"P0":29606150.583333332,"P25":29680611.041666664,"P50":29755071.5,"P67":29815195.683333334,"P80":29861173,"P85":29878856.583333332,"P90":29896540.166666664,"P95":29914223.75,"P100":29931907.333333332}},"Memory":{"Gen0Collections":2,"Gen1Collections":2,"Gen2Collections":2,"TotalOperations":12,"BytesAllocatedPerOperation":5796797},"Measurements":[{"IterationMode":"Overhead","IterationStage":"Jitting","LaunchIndex":1,"IterationIndex":1,"Operations":12,"Nanoseconds":207309},{"IterationMode":"Workload","IterationStage":"Jitting","LaunchIndex":1,"IterationIndex":1,"Operations":12,"Nanoseconds":443722795},{"IterationMode":"Overhead","IterationStage":"Jitting","LaunchIndex":1,"IterationIndex":2,"Operations":12,"Nanoseconds":270},{"IterationMode":"Workload","IterationStage":"Jitting","LaunchIndex":1,"IterationIndex":2,"Operations":12,"Nanoseconds":396758370},{"IterationMode":"Workload","IterationStage":"Warmup","LaunchIndex":1,"IterationIndex":1,"Operations":12,"Nanoseconds":390939789},{"IterationMode":"Workload","IterationStage":"Warmup","LaunchIndex":1,"IterationIndex":2,"Operations":12,"Nanoseconds":404318625},{"IterationMode":"Workload","IterationStage":"Warmup","LaunchIndex":1,"IterationIndex":3,"Operations":12,"Nanoseconds":378982827},{"IterationMode":"Workload","IterationStage":"Actual","LaunchIndex":1,"IterationIndex":1,"Operations":12,"Nanoseconds":357060858},{"IterationMode":"Workload","IterationStage":"Actual","LaunchIndex":1,"IterationIndex":2,"Operations":12,"Nanoseconds":359182888},{"IterationMode":"Workload","IterationStage":"Actual","LaunchIndex":1,"IterationIndex":3,"Operations":12,"Nanoseconds":355273807},{"IterationMode":"Workload","IterationStage":"Result","LaunchIndex":1,